Task Description,Generated Work Instructions
"Install the battery module in the rear compartment, connect to the high-voltage harness, and verify torque on fasteners.","1. Ensure power is isolated and wear appropriate PPE (gloves, eye protection).
2. Prepare tools/equipment: calibrated torque wrench, insulation gloves, lifting aid.
3. Install the battery module in the rear compartment.
4. Connect to the high-voltage harness.
5. And verify torque on fasteners..
6. Verify installation or calibration against engineering specifications and record results (e.g., torque values, pressure readings, or pass/fail)."
Calibrate the ADAS (Advanced Driver Assistance Systems) radar sensors on the front bumper using factory alignment targets.,"1. Ensure power is isolated and wear appropriate PPE (gloves, eye protection).
2. Prepare tools/equipment: alignment target, diagnostic laptop.
3. Calibrate the adas (advanced driver assistance systems) radar sensors on the front bumper using factory alignment targets..
4. Verify installation or calibration against engineering specifications and record results (e.g., torque values, pressure readings, or pass/fail)."
Apply anti-corrosion sealant to all exposed welds on the door panels before painting.,"1. Ensure power is isolated and wear appropriate PPE (gloves, eye protection).
2. Prepare tools/equipment: sealant applicator, cleaning solvent.
3. Apply anti-corrosion sealant to all exposed welds on the door panels before painting..
4. Verify installation or calibration against engineering specifications and record results (e.g., torque values, pressure readings, or pass/fail)."
Perform leak test on coolant system after radiator installation. Record pressure readings and verify against specifications.,"1. Ensure power is isolated and wear appropriate PPE (gloves, eye protection).
2. Prepare tools/equipment: pressure tester, gauge.
3. Perform leak test on coolant system after radiator installation. record pressure readings and verify against specifications..
4. Verify installation or calibration against engineering specifications and record results (e.g., torque values, pressure readings, or pass/fail)."
Program the infotainment ECU with the latest software package and validate connectivity with dashboard display.,"1. Ensure power is isolated and wear appropriate PPE (gloves, eye protection).
2. Prepare tools/equipment: programming cable, USB drive.
3. Program the infotainment ecu with the latest software package and validate connectivity with dashboard display..
4. Verify installation or calibration against engineering specifications and record results (e.g., torque values, pressure readings, or pass/fail)."
